<?xml version="1.0" encoding="UTF-8" standalone="no"?>
<licenseSummary>
  <dependencies>
    <dependency>
      <groupId>com.101tec</groupId>
      <artifactId>zkclient</artifactId>
      <version>0.11.0.redhat-00001</version>
      <licenses>
        <license>
          <name>Apache License, Version 2.0</name>
          <url>https://www.apache.org/licenses/LICENSE-2.0.txt</url>
        </license>
      </licenses>
    </dependency>
    <dependency>
      <groupId>com.fasterxml.jackson.core</groupId>
      <artifactId>jackson-annotations</artifactId>
      <version>2.9.8.redhat-00002</version>
      <licenses>
        <license>
          <name>The Apache Software License, Version 2.0</name>
          <url>http://www.apache.org/licenses/LICENSE-2.0.txt</url>
          <distribution>repo</distribution>
        </license>
      </licenses>
    </dependency>
    <dependency>
      <groupId>com.fasterxml.jackson.core</groupId>
      <artifactId>jackson-core</artifactId>
      <version>2.9.8.redhat-00003</version>
      <licenses>
        <license>
          <name>The Apache Software License, Version 2.0</name>
          <url>http://www.apache.org/licenses/LICENSE-2.0.txt</url>
          <distribution>repo</distribution>
        </license>
      </licenses>
    </dependency>
    <dependency>
      <groupId>com.fasterxml.jackson.core</groupId>
      <artifactId>jackson-databind</artifactId>
      <version>2.9.8.redhat-00002</version>
      <licenses>
        <license>
          <name>The Apache Software License, Version 2.0</name>
          <url>http://www.apache.org/licenses/LICENSE-2.0.txt</url>
          <distribution>repo</distribution>
        </license>
      </licenses>
    </dependency>
    <dependency>
      <groupId>com.fasterxml.jackson.jaxrs</groupId>
      <artifactId>jackson-jaxrs-base</artifactId>
      <version>2.9.5.redhat-2</version>
      <licenses>
        <license>
          <name>The Apache Software License, Version 2.0</name>
          <url>http://www.apache.org/licenses/LICENSE-2.0.txt</url>
          <distribution>repo</distribution>
        </license>
      </licenses>
    </dependency>
    <dependency>
      <groupId>com.fasterxml.jackson.jaxrs</groupId>
      <artifactId>jackson-jaxrs-json-provider</artifactId>
      <version>2.9.5.redhat-2</version>
      <licenses>
        <license>
          <name>The Apache Software License, Version 2.0</name>
          <url>http://www.apache.org/licenses/LICENSE-2.0.txt</url>
          <distribution>repo</distribution>
        </license>
      </licenses>
    </dependency>
    <dependency>
      <groupId>com.fasterxml.jackson.module</groupId>
      <artifactId>jackson-module-jaxb-annotations</artifactId>
      <version>2.9.5.redhat-2</version>
      <licenses>
        <license>
          <name>The Apache Software License, Version 2.0</name>
          <url>http://www.apache.org/licenses/LICENSE-2.0.txt</url>
          <distribution>repo</distribution>
        </license>
      </licenses>
    </dependency>
    <dependency>
      <groupId>com.github.luben</groupId>
      <artifactId>zstd-jni</artifactId>
      <version>1.4.3.1-redhat-00002</version>
      <licenses>
        <license>
          <name>BSD 2-Clause License</name>
          <url>https://opensource.org/licenses/BSD-2-Clause</url>
          <distribution>repo</distribution>
        </license>
      </licenses>
    </dependency>
    <dependency>
      <groupId>com.google.code.findbugs</groupId>
      <artifactId>jsr305</artifactId>
      <version>1.3.9</version>
      <licenses>
        <license>
          <name>The Apache Software License, Version 2.0</name>
          <url>http://www.apache.org/licenses/LICENSE-2.0.txt</url>
          <distribution>repo</distribution>
        </license>
      </licenses>
    </dependency>
    <dependency>
      <groupId>com.google.errorprone</groupId>
      <artifactId>error_prone_annotations</artifactId>
      <version>2.1.3</version>
      <licenses>
        <license>
          <name>Apache 2.0</name>
          <url>http://www.apache.org/licenses/LICENSE-2.0.txt</url>
        </license>
      </licenses>
    </dependency>
    <dependency>
      <groupId>com.google.guava</groupId>
      <artifactId>guava</artifactId>
      <version>25.0.0.redhat-1</version>
      <licenses>
        <license>
          <name>The Apache Software License, Version 2.0</name>
          <url>http://www.apache.org/licenses/LICENSE-2.0.txt</url>
          <distribution>repo</distribution>
        </license>
      </licenses>
    </dependency>
    <dependency>
      <groupId>com.google.j2objc</groupId>
      <artifactId>j2objc-annotations</artifactId>
      <version>1.1</version>
      <licenses>
        <license>
          <name>The Apache Software License, Version 2.0</name>
          <url>http://www.apache.org/licenses/LICENSE-2.0.txt</url>
          <distribution>repo</distribution>
        </license>
      </licenses>
    </dependency>
    <dependency>
      <groupId>com.typesafe.scala-logging</groupId>
      <artifactId>scala-logging_2.12</artifactId>
      <version>3.9.0.redhat-00006</version>
      <licenses>
        <license>
          <name>Apache License 2.0</name>
          <url>http://www.apache.org/licenses/LICENSE-2.0.html</url>
          <distribution>repo</distribution>
        </license>
      </licenses>
    </dependency>
    <dependency>
      <groupId>com.yammer.metrics</groupId>
      <artifactId>metrics-core</artifactId>
      <version>2.2.0.redhat-00003</version>
      <licenses>
        <license>
          <name>Apache License 2.0</name>
          <url>http://www.apache.org/licenses/LICENSE-2.0.html</url>
          <distribution>repo</distribution>
        </license>
      </licenses>
    </dependency>
    <dependency>
      <groupId>io.netty</groupId>
      <artifactId>netty</artifactId>
      <version>3.10.6.Final</version>
      <licenses>
        <license>
          <name>Apache License, Version 2.0</name>
          <url>http://www.apache.org/licenses/LICENSE-2.0</url>
        </license>
      </licenses>
    </dependency>
    <dependency>
      <groupId>javax.activation</groupId>
      <artifactId>activation</artifactId>
      <version>1.1.1.redhat-5</version>
      <licenses>
        <!--No license information available. -->
      </licenses>
    </dependency>
    <dependency>
      <groupId>javax.annotation</groupId>
      <artifactId>javax.annotation-api</artifactId>
      <version>1.2.0.redhat-1</version>
      <licenses>
        <license>
          <name>CDDL + GPLv2 with classpath exception</name>
          <url>https://glassfish.dev.java.net/nonav/public/CDDL+GPL.html</url>
          <distribution>repo</distribution>
          <comments>A business-friendly OSS license</comments>
        </license>
      </licenses>
    </dependency>
    <dependency>
      <groupId>javax.inject</groupId>
      <artifactId>javax.inject</artifactId>
      <version>1.0.0.redhat-6</version>
      <licenses>
        <license>
          <name>The Apache Software License, Version 2.0</name>
          <url>http://www.apache.org/licenses/LICENSE-2.0.txt</url>
          <distribution>repo</distribution>
        </license>
      </licenses>
    </dependency>
    <dependency>
      <groupId>javax.servlet</groupId>
      <artifactId>javax.servlet-api</artifactId>
      <version>3.1.0.redhat-1</version>
      <licenses>
        <license>
          <name>CDDL + GPLv2 with classpath exception</name>
          <url>https://glassfish.dev.java.net/nonav/public/CDDL+GPL.html</url>
          <distribution>repo</distribution>
          <comments>A business-friendly OSS license</comments>
        </license>
      </licenses>
    </dependency>
    <dependency>
      <groupId>javax.validation</groupId>
      <artifactId>validation-api</artifactId>
      <version>1.1.0.Final-redhat-1</version>
      <licenses>
        <license>
          <name>The Apache Software License, Version 2.0</name>
          <url>http://www.apache.org/licenses/LICENSE-2.0.txt</url>
        </license>
      </licenses>
    </dependency>
    <dependency>
      <groupId>javax.ws.rs</groupId>
      <artifactId>javax.ws.rs-api</artifactId>
      <version>2.1.1.redhat-00002</version>
      <licenses>
        <license>
          <name>EPL 2.0</name>
          <url>http://www.eclipse.org/legal/epl-2.0</url>
          <distribution>repo</distribution>
        </license>
        <license>
          <name>GPL2 w/ CPE</name>
          <url>https://www.gnu.org/software/classpath/license.html</url>
          <distribution>repo</distribution>
        </license>
      </licenses>
    </dependency>
    <dependency>
      <groupId>javax.xml.bind</groupId>
      <artifactId>jaxb-api</artifactId>
      <version>2.3.0.redhat-00003</version>
      <licenses>
        <license>
          <name>CDDL 1.1</name>
          <url>https://oss.oracle.com/licenses/CDDL+GPL-1.1</url>
          <distribution>repo</distribution>
        </license>
        <license>
          <name>GPL2 w/ CPE</name>
          <url>https://oss.oracle.com/licenses/CDDL+GPL-1.1</url>
          <distribution>repo</distribution>
        </license>
      </licenses>
    </dependency>
    <dependency>
      <groupId>jline</groupId>
      <artifactId>jline</artifactId>
      <version>0.9.94.redhat-3</version>
      <licenses>
        <license>
          <name>BSD</name>
          <url>LICENSE.txt</url>
        </license>
      </licenses>
    </dependency>
    <dependency>
      <groupId>log4j</groupId>
      <artifactId>log4j</artifactId>
      <version>1.2.17.redhat-3</version>
      <licenses>
        <license>
          <name>The Apache Software License, Version 2.0</name>
          <url>http://www.apache.org/licenses/LICENSE-2.0.txt</url>
          <distribution>repo</distribution>
        </license>
      </licenses>
    </dependency>
    <dependency>
      <groupId>net.sf.jopt-simple</groupId>
      <artifactId>jopt-simple</artifactId>
      <version>5.0.4.redhat-00002</version>
      <licenses>
        <license>
          <name>The MIT License</name>
          <url>http://www.opensource.org/licenses/mit-license.php</url>
          <distribution>repo</distribution>
        </license>
      </licenses>
    </dependency>
    <dependency>
      <groupId>net.sourceforge.argparse4j</groupId>
      <artifactId>argparse4j</artifactId>
      <version>0.7.0.redhat-00003</version>
      <licenses>
        <license>
          <name>MIT</name>
          <url>https://raw.github.com/tatsuhiro-t/argparse4j/master/LICENSE.txt</url>
        </license>
      </licenses>
    </dependency>
    <dependency>
      <groupId>org.apache.commons</groupId>
      <artifactId>commons-lang3</artifactId>
      <version>3.5.0.redhat-00002</version>
      <licenses>
        <license>
          <name>Apache License, Version 2.0</name>
          <url>https://www.apache.org/licenses/LICENSE-2.0.txt</url>
          <distribution>repo</distribution>
        </license>
      </licenses>
    </dependency>
    <dependency>
      <groupId>org.apache.maven</groupId>
      <artifactId>maven-artifact</artifactId>
      <version>3.6.0.redhat-00001</version>
      <licenses>
        <license>
          <name>Apache License, Version 2.0</name>
          <url>https://www.apache.org/licenses/LICENSE-2.0.txt</url>
          <distribution>repo</distribution>
        </license>
      </licenses>
    </dependency>
    <dependency>
      <groupId>org.apache.yetus</groupId>
      <artifactId>audience-annotations</artifactId>
      <version>0.5.0.redhat-00002</version>
      <licenses>
        <license>
          <name>Apache License, Version 2.0</name>
          <url>http://www.apache.org/licenses/LICENSE-2.0.txt</url>
          <distribution>repo</distribution>
        </license>
      </licenses>
    </dependency>
    <dependency>
      <groupId>org.apache.zookeeper</groupId>
      <artifactId>zookeeper</artifactId>
      <version>3.4.13.redhat-00001</version>
      <licenses>
        <license>
          <name>The Apache Software License, Version 2.0</name>
          <url>http://www.apache.org/licenses/LICENSE-2.0.txt</url>
          <distribution>repo</distribution>
        </license>
      </licenses>
    </dependency>
    <dependency>
      <groupId>org.checkerframework</groupId>
      <artifactId>checker-compat-qual</artifactId>
      <version>2.0.0</version>
      <licenses>
        <license>
          <name>GNU General Public License, version 2 (GPL2), with the classpath exception</name>
          <url>http://www.gnu.org/software/classpath/license.html</url>
          <distribution>repo</distribution>
        </license>
        <license>
          <name>The MIT License</name>
          <url>http://opensource.org/licenses/MIT</url>
          <distribution>repo</distribution>
        </license>
      </licenses>
    </dependency>
    <dependency>
      <groupId>org.codehaus.mojo</groupId>
      <artifactId>animal-sniffer-annotations</artifactId>
      <version>1.14</version>
      <licenses>
        <license>
          <name>MIT license</name>
          <url>http://www.opensource.org/licenses/mit-license.php</url>
          <distribution>repo</distribution>
        </license>
      </licenses>
    </dependency>
    <dependency>
      <groupId>org.codehaus.plexus</groupId>
      <artifactId>plexus-utils</artifactId>
      <version>3.1.0.redhat-00002</version>
      <licenses>
        <license>
          <name>Apache License, Version 2.0</name>
          <url>http://www.apache.org/licenses/LICENSE-2.0.txt</url>
          <distribution>repo</distribution>
        </license>
      </licenses>
    </dependency>
    <dependency>
      <groupId>org.eclipse.jetty</groupId>
      <artifactId>jetty-client</artifactId>
      <version>9.4.12.v20180830-redhat-00002</version>
      <licenses>
        <license>
          <name>Apache Software License - Version 2.0</name>
          <url>http://www.apache.org/licenses/LICENSE-2.0</url>
        </license>
        <license>
          <name>Eclipse Public License - Version 1.0</name>
          <url>http://www.eclipse.org/org/documents/epl-v10.php</url>
        </license>
      </licenses>
    </dependency>
    <dependency>
      <groupId>org.eclipse.jetty</groupId>
      <artifactId>jetty-continuation</artifactId>
      <version>9.4.12.v20180830-redhat-00002</version>
      <licenses>
        <license>
          <name>Apache Software License - Version 2.0</name>
          <url>http://www.apache.org/licenses/LICENSE-2.0</url>
        </license>
        <license>
          <name>Eclipse Public License - Version 1.0</name>
          <url>http://www.eclipse.org/org/documents/epl-v10.php</url>
        </license>
      </licenses>
    </dependency>
    <dependency>
      <groupId>org.eclipse.jetty</groupId>
      <artifactId>jetty-http</artifactId>
      <version>9.4.12.v20180830-redhat-00002</version>
      <licenses>
        <license>
          <name>Apache Software License - Version 2.0</name>
          <url>http://www.apache.org/licenses/LICENSE-2.0</url>
        </license>
        <license>
          <name>Eclipse Public License - Version 1.0</name>
          <url>http://www.eclipse.org/org/documents/epl-v10.php</url>
        </license>
      </licenses>
    </dependency>
    <dependency>
      <groupId>org.eclipse.jetty</groupId>
      <artifactId>jetty-io</artifactId>
      <version>9.4.12.v20180830-redhat-00002</version>
      <licenses>
        <license>
          <name>Apache Software License - Version 2.0</name>
          <url>http://www.apache.org/licenses/LICENSE-2.0</url>
        </license>
        <license>
          <name>Eclipse Public License - Version 1.0</name>
          <url>http://www.eclipse.org/org/documents/epl-v10.php</url>
        </license>
      </licenses>
    </dependency>
    <dependency>
      <groupId>org.eclipse.jetty</groupId>
      <artifactId>jetty-security</artifactId>
      <version>9.4.12.v20180830-redhat-00002</version>
      <licenses>
        <license>
          <name>Apache Software License - Version 2.0</name>
          <url>http://www.apache.org/licenses/LICENSE-2.0</url>
        </license>
        <license>
          <name>Eclipse Public License - Version 1.0</name>
          <url>http://www.eclipse.org/org/documents/epl-v10.php</url>
        </license>
      </licenses>
    </dependency>
    <dependency>
      <groupId>org.eclipse.jetty</groupId>
      <artifactId>jetty-server</artifactId>
      <version>9.4.12.v20180830-redhat-00002</version>
      <licenses>
        <license>
          <name>Apache Software License - Version 2.0</name>
          <url>http://www.apache.org/licenses/LICENSE-2.0</url>
        </license>
        <license>
          <name>Eclipse Public License - Version 1.0</name>
          <url>http://www.eclipse.org/org/documents/epl-v10.php</url>
        </license>
      </licenses>
    </dependency>
    <dependency>
      <groupId>org.eclipse.jetty</groupId>
      <artifactId>jetty-servlet</artifactId>
      <version>9.4.12.v20180830-redhat-00002</version>
      <licenses>
        <license>
          <name>Apache Software License - Version 2.0</name>
          <url>http://www.apache.org/licenses/LICENSE-2.0</url>
        </license>
        <license>
          <name>Eclipse Public License - Version 1.0</name>
          <url>http://www.eclipse.org/org/documents/epl-v10.php</url>
        </license>
      </licenses>
    </dependency>
    <dependency>
      <groupId>org.eclipse.jetty</groupId>
      <artifactId>jetty-servlets</artifactId>
      <version>9.4.12.v20180830-redhat-00002</version>
      <licenses>
        <license>
          <name>Apache Software License - Version 2.0</name>
          <url>http://www.apache.org/licenses/LICENSE-2.0</url>
        </license>
        <license>
          <name>Eclipse Public License - Version 1.0</name>
          <url>http://www.eclipse.org/org/documents/epl-v10.php</url>
        </license>
      </licenses>
    </dependency>
    <dependency>
      <groupId>org.eclipse.jetty</groupId>
      <artifactId>jetty-util</artifactId>
      <version>9.4.12.v20180830-redhat-00002</version>
      <licenses>
        <license>
          <name>Apache Software License - Version 2.0</name>
          <url>http://www.apache.org/licenses/LICENSE-2.0</url>
        </license>
        <license>
          <name>Eclipse Public License - Version 1.0</name>
          <url>http://www.eclipse.org/org/documents/epl-v10.php</url>
        </license>
      </licenses>
    </dependency>
    <dependency>
      <groupId>org.glassfish.hk2</groupId>
      <artifactId>hk2-api</artifactId>
      <version>2.5.0.b42-redhat-00002</version>
      <licenses>
        <license>
          <name>CDDL + GPLv2 with classpath exception</name>
          <url>https://glassfish.java.net/nonav/public/CDDL+GPL_1_1.html</url>
          <distribution>repo</distribution>
          <comments>A business-friendly OSS license</comments>
        </license>
      </licenses>
    </dependency>
    <dependency>
      <groupId>org.glassfish.hk2</groupId>
      <artifactId>hk2-locator</artifactId>
      <version>2.5.0.b42-redhat-00002</version>
      <licenses>
        <license>
          <name>CDDL + GPLv2 with classpath exception</name>
          <url>https://glassfish.java.net/nonav/public/CDDL+GPL_1_1.html</url>
          <distribution>repo</distribution>
          <comments>A business-friendly OSS license</comments>
        </license>
      </licenses>
    </dependency>
    <dependency>
      <groupId>org.glassfish.hk2</groupId>
      <artifactId>hk2-utils</artifactId>
      <version>2.5.0.b42-redhat-00002</version>
      <licenses>
        <license>
          <name>CDDL + GPLv2 with classpath exception</name>
          <url>https://glassfish.java.net/nonav/public/CDDL+GPL_1_1.html</url>
          <distribution>repo</distribution>
          <comments>A business-friendly OSS license</comments>
        </license>
      </licenses>
    </dependency>
    <dependency>
      <groupId>org.glassfish.hk2</groupId>
      <artifactId>osgi-resource-locator</artifactId>
      <version>2.5.0.b42-redhat-00002</version>
      <licenses>
        <license>
          <name>CDDL + GPLv2 with classpath exception</name>
          <url>https://glassfish.java.net/nonav/public/CDDL+GPL_1_1.html</url>
          <distribution>repo</distribution>
          <comments>A business-friendly OSS license</comments>
        </license>
      </licenses>
    </dependency>
    <dependency>
      <groupId>org.glassfish.hk2.external</groupId>
      <artifactId>aopalliance-repackaged</artifactId>
      <version>2.5.0.b42-redhat-00002</version>
      <licenses>
        <license>
          <name>CDDL + GPLv2 with classpath exception</name>
          <url>https://glassfish.java.net/nonav/public/CDDL+GPL_1_1.html</url>
          <distribution>repo</distribution>
          <comments>A business-friendly OSS license</comments>
        </license>
      </licenses>
    </dependency>
    <dependency>
      <groupId>org.glassfish.hk2.external</groupId>
      <artifactId>javax.inject</artifactId>
      <version>2.5.0.b42-redhat-00002</version>
      <licenses>
        <license>
          <name>CDDL + GPLv2 with classpath exception</name>
          <url>https://glassfish.java.net/nonav/public/CDDL+GPL_1_1.html</url>
          <distribution>repo</distribution>
          <comments>A business-friendly OSS license</comments>
        </license>
      </licenses>
    </dependency>
    <dependency>
      <groupId>org.glassfish.jersey.containers</groupId>
      <artifactId>jersey-container-servlet</artifactId>
      <version>2.27.0.redhat-00002</version>
      <licenses>
        <license>
          <name>CDDL 1.1</name>
          <url>https://oss.oracle.com/licenses/CDDL+GPL-1.1</url>
          <distribution>repo</distribution>
          <comments>Except for Guava, JSR-166 files, Dropwizard Monitoring inspired classes, ASM and Jackson JAX-RS Providers.
                See also https://github.com/jersey/jersey/blob/master/NOTICE.txt</comments>
        </license>
        <license>
          <name>GPL2 w/ CPE</name>
          <url>https://oss.oracle.com/licenses/CDDL+GPL-1.1</url>
          <distribution>repo</distribution>
          <comments>Except for Guava, JSR-166 files, Dropwizard Monitoring inspired classes, ASM and Jackson JAX-RS Providers.
                See also https://github.com/jersey/jersey/blob/master/NOTICE.txt</comments>
        </license>
        <license>
          <name>Apache License, 2.0</name>
          <url>http://www.apache.org/licenses/LICENSE-2.0.html</url>
          <distribution>repo</distribution>
          <comments>Google Guava @ org.glassfish.jersey.internal.guava,
                      Dropwizard Monitoring inspired classes @ org.glassfish.jersey.server.internal.monitoring.core and
                      Jackson JAX-RS Providers @ org.glassfish.jersey.jackson.internal.jackson.jaxrs</comments>
        </license>
        <license>
          <name>Public Domain</name>
          <url>https://creativecommons.org/publicdomain/zero/1.0/</url>
          <distribution>repo</distribution>
          <comments>JSR-166 Extension to JEP 266 @ org.glassfish.jersey.internal.jsr166</comments>
        </license>
        <license>
          <name>Modified BSD</name>
          <url>http://asm.objectweb.org/license.html</url>
          <distribution>repo</distribution>
          <comments>ASM @ jersey.repackaged.org.objectweb.asm</comments>
        </license>
      </licenses>
    </dependency>
    <dependency>
      <groupId>org.glassfish.jersey.containers</groupId>
      <artifactId>jersey-container-servlet-core</artifactId>
      <version>2.27.0.redhat-00002</version>
      <licenses>
        <license>
          <name>CDDL 1.1</name>
          <url>https://oss.oracle.com/licenses/CDDL+GPL-1.1</url>
          <distribution>repo</distribution>
          <comments>Except for Guava, JSR-166 files, Dropwizard Monitoring inspired classes, ASM and Jackson JAX-RS Providers.
                See also https://github.com/jersey/jersey/blob/master/NOTICE.txt</comments>
        </license>
        <license>
          <name>GPL2 w/ CPE</name>
          <url>https://oss.oracle.com/licenses/CDDL+GPL-1.1</url>
          <distribution>repo</distribution>
          <comments>Except for Guava, JSR-166 files, Dropwizard Monitoring inspired classes, ASM and Jackson JAX-RS Providers.
                See also https://github.com/jersey/jersey/blob/master/NOTICE.txt</comments>
        </license>
        <license>
          <name>Apache License, 2.0</name>
          <url>http://www.apache.org/licenses/LICENSE-2.0.html</url>
          <distribution>repo</distribution>
          <comments>Google Guava @ org.glassfish.jersey.internal.guava,
                      Dropwizard Monitoring inspired classes @ org.glassfish.jersey.server.internal.monitoring.core and
                      Jackson JAX-RS Providers @ org.glassfish.jersey.jackson.internal.jackson.jaxrs</comments>
        </license>
        <license>
          <name>Public Domain</name>
          <url>https://creativecommons.org/publicdomain/zero/1.0/</url>
          <distribution>repo</distribution>
          <comments>JSR-166 Extension to JEP 266 @ org.glassfish.jersey.internal.jsr166</comments>
        </license>
        <license>
          <name>Modified BSD</name>
          <url>http://asm.objectweb.org/license.html</url>
          <distribution>repo</distribution>
          <comments>ASM @ jersey.repackaged.org.objectweb.asm</comments>
        </license>
      </licenses>
    </dependency>
    <dependency>
      <groupId>org.glassfish.jersey.core</groupId>
      <artifactId>jersey-client</artifactId>
      <version>2.27.0.redhat-00002</version>
      <licenses>
        <license>
          <name>CDDL 1.1</name>
          <url>https://oss.oracle.com/licenses/CDDL+GPL-1.1</url>
          <distribution>repo</distribution>
          <comments>Except for Guava, JSR-166 files, Dropwizard Monitoring inspired classes, ASM and Jackson JAX-RS Providers.
                See also https://github.com/jersey/jersey/blob/master/NOTICE.txt</comments>
        </license>
        <license>
          <name>GPL2 w/ CPE</name>
          <url>https://oss.oracle.com/licenses/CDDL+GPL-1.1</url>
          <distribution>repo</distribution>
          <comments>Except for Guava, JSR-166 files, Dropwizard Monitoring inspired classes, ASM and Jackson JAX-RS Providers.
                See also https://github.com/jersey/jersey/blob/master/NOTICE.txt</comments>
        </license>
        <license>
          <name>Apache License, 2.0</name>
          <url>http://www.apache.org/licenses/LICENSE-2.0.html</url>
          <distribution>repo</distribution>
          <comments>Google Guava @ org.glassfish.jersey.internal.guava,
                      Dropwizard Monitoring inspired classes @ org.glassfish.jersey.server.internal.monitoring.core and
                      Jackson JAX-RS Providers @ org.glassfish.jersey.jackson.internal.jackson.jaxrs</comments>
        </license>
        <license>
          <name>Public Domain</name>
          <url>https://creativecommons.org/publicdomain/zero/1.0/</url>
          <distribution>repo</distribution>
          <comments>JSR-166 Extension to JEP 266 @ org.glassfish.jersey.internal.jsr166</comments>
        </license>
        <license>
          <name>Modified BSD</name>
          <url>http://asm.objectweb.org/license.html</url>
          <distribution>repo</distribution>
          <comments>ASM @ jersey.repackaged.org.objectweb.asm</comments>
        </license>
      </licenses>
    </dependency>
    <dependency>
      <groupId>org.glassfish.jersey.core</groupId>
      <artifactId>jersey-common</artifactId>
      <version>2.27.0.redhat-00002</version>
      <licenses>
        <license>
          <name>Common Development and Distribution License (CDDL), Version 1.1</name>
          <url>https://oss.oracle.com/licenses/CDDL-1.1</url>
          <distribution>repo</distribution>
          <comments>Except for Guava, and JSR-166 files.
                See also https://github.com/jersey/jersey/blob/master/NOTICE.txt</comments>
        </license>
        <license>
          <name>The GNU General Public License (GPL), Version 2, With Classpath Exception</name>
          <url>https://github.com/jersey/jersey/blob/master/LICENSE.html</url>
          <distribution>repo</distribution>
          <comments>Except for Guava, and JSR-166 files.
                See also https://github.com/jersey/jersey/blob/master/NOTICE.txt</comments>
        </license>
        <license>
          <name>Apache License, 2.0</name>
          <url>http://www.apache.org/licenses/LICENSE-2.0.html</url>
          <distribution>repo</distribution>
          <comments>Google Guava @ org.glassfish.jersey.internal.guava</comments>
        </license>
        <license>
          <name>Public Domain</name>
          <url>https://creativecommons.org/publicdomain/zero/1.0/</url>
          <distribution>repo</distribution>
          <comments>JSR-166 Extension to JEP 266 @ org.glassfish.jersey.internal.jsr166</comments>
        </license>
      </licenses>
    </dependency>
    <dependency>
      <groupId>org.glassfish.jersey.core</groupId>
      <artifactId>jersey-server</artifactId>
      <version>2.27.0.redhat-00002</version>
      <licenses>
        <license>
          <name>Common Development and Distribution License (CDDL), Version 1.1</name>
          <url>https://oss.oracle.com/licenses/CDDL-1.1</url>
          <distribution>repo</distribution>
          <comments>Except for Dropwizard Monitoring inspired classes and ASM.
                See also https://github.com/jersey/jersey/blob/master/NOTICE.txt</comments>
        </license>
        <license>
          <name>The GNU General Public License (GPL), Version 2, With Classpath Exception</name>
          <url>https://github.com/jersey/jersey/blob/master/LICENSE.html</url>
          <distribution>repo</distribution>
          <comments>Except for Dropwizard Monitoring inspired classes and ASM.
                See also https://github.com/jersey/jersey/blob/master/NOTICE.txt</comments>
        </license>
        <license>
          <name>Apache License, 2.0</name>
          <url>http://www.apache.org/licenses/LICENSE-2.0.html</url>
          <distribution>repo</distribution>
          <comments>Dropwizard Monitoring inspired classes @ org.glassfish.jersey.server.internal.monitoring.core</comments>
        </license>
        <license>
          <name>Modified BSD</name>
          <url>http://asm.objectweb.org/license.html</url>
          <distribution>repo</distribution>
          <comments>ASM @ jersey.repackaged.org.objectweb.asm</comments>
        </license>
      </licenses>
    </dependency>
    <dependency>
      <groupId>org.glassfish.jersey.inject</groupId>
      <artifactId>jersey-hk2</artifactId>
      <version>2.27.0.redhat-00002</version>
      <licenses>
        <license>
          <name>CDDL 1.1</name>
          <url>https://oss.oracle.com/licenses/CDDL+GPL-1.1</url>
          <distribution>repo</distribution>
          <comments>Except for Guava, JSR-166 files, Dropwizard Monitoring inspired classes, ASM and Jackson JAX-RS Providers.
                See also https://github.com/jersey/jersey/blob/master/NOTICE.txt</comments>
        </license>
        <license>
          <name>GPL2 w/ CPE</name>
          <url>https://oss.oracle.com/licenses/CDDL+GPL-1.1</url>
          <distribution>repo</distribution>
          <comments>Except for Guava, JSR-166 files, Dropwizard Monitoring inspired classes, ASM and Jackson JAX-RS Providers.
                See also https://github.com/jersey/jersey/blob/master/NOTICE.txt</comments>
        </license>
        <license>
          <name>Apache License, 2.0</name>
          <url>http://www.apache.org/licenses/LICENSE-2.0.html</url>
          <distribution>repo</distribution>
          <comments>Google Guava @ org.glassfish.jersey.internal.guava,
                      Dropwizard Monitoring inspired classes @ org.glassfish.jersey.server.internal.monitoring.core and
                      Jackson JAX-RS Providers @ org.glassfish.jersey.jackson.internal.jackson.jaxrs</comments>
        </license>
        <license>
          <name>Public Domain</name>
          <url>https://creativecommons.org/publicdomain/zero/1.0/</url>
          <distribution>repo</distribution>
          <comments>JSR-166 Extension to JEP 266 @ org.glassfish.jersey.internal.jsr166</comments>
        </license>
        <license>
          <name>Modified BSD</name>
          <url>http://asm.objectweb.org/license.html</url>
          <distribution>repo</distribution>
          <comments>ASM @ jersey.repackaged.org.objectweb.asm</comments>
        </license>
      </licenses>
    </dependency>
    <dependency>
      <groupId>org.glassfish.jersey.media</groupId>
      <artifactId>jersey-media-jaxb</artifactId>
      <version>2.27.0.redhat-00002</version>
      <licenses>
        <license>
          <name>CDDL 1.1</name>
          <url>https://oss.oracle.com/licenses/CDDL+GPL-1.1</url>
          <distribution>repo</distribution>
          <comments>Except for Guava, JSR-166 files, Dropwizard Monitoring inspired classes, ASM and Jackson JAX-RS Providers.
                See also https://github.com/jersey/jersey/blob/master/NOTICE.txt</comments>
        </license>
        <license>
          <name>GPL2 w/ CPE</name>
          <url>https://oss.oracle.com/licenses/CDDL+GPL-1.1</url>
          <distribution>repo</distribution>
          <comments>Except for Guava, JSR-166 files, Dropwizard Monitoring inspired classes, ASM and Jackson JAX-RS Providers.
                See also https://github.com/jersey/jersey/blob/master/NOTICE.txt</comments>
        </license>
        <license>
          <name>Apache License, 2.0</name>
          <url>http://www.apache.org/licenses/LICENSE-2.0.html</url>
          <distribution>repo</distribution>
          <comments>Google Guava @ org.glassfish.jersey.internal.guava,
                      Dropwizard Monitoring inspired classes @ org.glassfish.jersey.server.internal.monitoring.core and
                      Jackson JAX-RS Providers @ org.glassfish.jersey.jackson.internal.jackson.jaxrs</comments>
        </license>
        <license>
          <name>Public Domain</name>
          <url>https://creativecommons.org/publicdomain/zero/1.0/</url>
          <distribution>repo</distribution>
          <comments>JSR-166 Extension to JEP 266 @ org.glassfish.jersey.internal.jsr166</comments>
        </license>
        <license>
          <name>Modified BSD</name>
          <url>http://asm.objectweb.org/license.html</url>
          <distribution>repo</distribution>
          <comments>ASM @ jersey.repackaged.org.objectweb.asm</comments>
        </license>
      </licenses>
    </dependency>
    <dependency>
      <groupId>org.javassist</groupId>
      <artifactId>javassist</artifactId>
      <version>3.22.0.GA-redhat-1</version>
      <licenses>
        <license>
          <name>MPL 1.1</name>
          <url>http://www.mozilla.org/MPL/MPL-1.1.html</url>
        </license>
        <license>
          <name>LGPL 2.1</name>
          <url>http://www.gnu.org/licenses/lgpl-2.1.html</url>
        </license>
        <license>
          <name>Apache License 2.0</name>
          <url>http://www.apache.org/licenses/</url>
        </license>
      </licenses>
    </dependency>
    <dependency>
      <groupId>org.lz4</groupId>
      <artifactId>lz4-java</artifactId>
      <version>1.5.0.redhat-00001</version>
      <licenses>
        <license>
          <name>The Apache Software License, Version 2.0</name>
          <url>http://www.apache.org/licenses/LICENSE-2.0.txt</url>
          <distribution>repo</distribution>
        </license>
      </licenses>
    </dependency>
    <dependency>
      <groupId>org.reflections</groupId>
      <artifactId>reflections</artifactId>
      <version>0.9.11.redhat-00004</version>
      <licenses>
        <license>
          <name>WTFPL</name>
          <url>http://www.wtfpl.net/</url>
        </license>
        <license>
          <name>The New BSD License</name>
          <url>http://www.opensource.org/licenses/bsd-license.html</url>
        </license>
      </licenses>
    </dependency>
    <dependency>
      <groupId>org.rocksdb</groupId>
      <artifactId>rocksdbjni</artifactId>
      <version>5.14.2.redhat-00002</version>
      <licenses>
        <license>
          <name>Apache License 2.0</name>
          <url>http://www.apache.org/licenses/LICENSE-2.0.html</url>
          <distribution>repo</distribution>
        </license>
        <license>
          <name>GNU General Public License, version 2</name>
          <url>http://www.gnu.org/licenses/gpl-2.0.html</url>
          <distribution>repo</distribution>
        </license>
      </licenses>
    </dependency>
    <dependency>
      <groupId>org.scala-lang</groupId>
      <artifactId>scala-compiler</artifactId>
      <version>2.12.8.redhat-00001</version>
      <licenses>
        <!--No license information available. -->
      </licenses>
    </dependency>
    <dependency>
      <groupId>org.scala-lang</groupId>
      <artifactId>scala-library</artifactId>
      <version>2.12.8.redhat-00001</version>
      <licenses>
        <!--No license information available. -->
      </licenses>
    </dependency>
    <dependency>
      <groupId>org.scala-lang</groupId>
      <artifactId>scala-reflect</artifactId>
      <version>2.12.8.redhat-00001</version>
      <licenses>
        <!--No license information available. -->
      </licenses>
    </dependency>
    <dependency>
      <groupId>org.slf4j</groupId>
      <artifactId>slf4j-api</artifactId>
      <version>1.7.22.redhat-1</version>
      <licenses>
        <license>
          <name>MIT License</name>
          <url>http://www.opensource.org/licenses/mit-license.php</url>
          <distribution>repo</distribution>
        </license>
      </licenses>
    </dependency>
    <dependency>
      <groupId>org.slf4j</groupId>
      <artifactId>slf4j-log4j12</artifactId>
      <version>1.7.22.redhat-1</version>
      <licenses>
        <license>
          <name>MIT License</name>
          <url>http://www.opensource.org/licenses/mit-license.php</url>
          <distribution>repo</distribution>
        </license>
      </licenses>
    </dependency>
    <dependency>
      <groupId>org.xerial.snappy</groupId>
      <artifactId>snappy-java</artifactId>
      <version>1.1.7.2-redhat-00002</version>
      <licenses>
        <license>
          <name>The Apache Software License, Version 2.0</name>
          <url>http://www.apache.org/licenses/LICENSE-2.0.txt</url>
          <distribution>repo</distribution>
        </license>
      </licenses>
    </dependency>
  </dependencies>
</licenseSummary>
